uts,utc_time,artist,artist_mbid,album,album_mbid,track,track_mbid
"1771778885","22 Feb 2026, 16:48","Mumford & Sons","c44e9c22-ef82-4a77-9bcd-af6c958446d6","Prizefighter","b2d78b7f-c7c3-42d5-945b-1488142e8b30","Shadow Of A Man",""
"1771778707","22 Feb 2026, 16:45","Mumford & Sons","","Prizefighter","b2d78b7f-c7c3-42d5-945b-1488142e8b30","Badlands (with Gracie Abrams)",""
"1771778504","22 Feb 2026, 16:41","Mumford & Sons","c44e9c22-ef82-4a77-9bcd-af6c958446d6","Prizefighter","b2d78b7f-c7c3-42d5-945b-1488142e8b30","Stay",""
"1771778311","22 Feb 2026, 16:38","Mumford & Sons","","Prizefighter","b2d78b7f-c7c3-42d5-945b-1488142e8b30","Icarus (with Gigi Perez)",""
"1771778087","22 Feb 2026, 16:34","Mumford & Sons","c44e9c22-ef82-4a77-9bcd-af6c958446d6","Prizefighter","b2d78b7f-c7c3-42d5-945b-1488142e8b30","Begin Again",""
"1771777584","22 Feb 2026, 16:26","Mumford & Sons","c44e9c22-ef82-4a77-9bcd-af6c958446d6","Prizefighter","b2d78b7f-c7c3-42d5-945b-1488142e8b30","Prizefighter",""
"1771777008","22 Feb 2026, 16:16","Mumford & Sons","c44e9c22-ef82-4a77-9bcd-af6c958446d6","Prizefighter","b2d78b7f-c7c3-42d5-945b-1488142e8b30","Alleycat",""
"1771776842","22 Feb 2026, 16:14","Public Works","","Drywall","","Drywall",""
"1771776486","22 Feb 2026, 16:08","Mumford & Sons","c44e9c22-ef82-4a77-9bcd-af6c958446d6","Prizefighter","b2d78b7f-c7c3-42d5-945b-1488142e8b30","Run Together",""
"1771776264","22 Feb 2026, 16:04","Mumford & Sons","c44e9c22-ef82-4a77-9bcd-af6c958446d6","Prizefighter","b2d78b7f-c7c3-42d5-945b-1488142e8b30","The Banjo Song","4975ab0c-cfe4-4eae-af59-f757bf99c0df"
"1771776046","22 Feb 2026, 16:00","Mumford & Sons","","Prizefighter","b2d78b7f-c7c3-42d5-945b-1488142e8b30","Rubber Band Man (with Hozier)",""
"1771775856","22 Feb 2026, 15:57","Mumford & Sons","","Prizefighter","b2d78b7f-c7c3-42d5-945b-1488142e8b30","Here (with Chris Stapleton)",""
"1771667503","21 Feb 2026, 09:51","Ghostemane","1989dd59-7f11-4c90-9450-4d728ed07fb0","BLACKMAGE","f53ff80a-0ad0-46c3-8cfa-4a4c65459595","Venom","066e421c-1220-4f29-a724-cfa201db5892"
"1771663709","21 Feb 2026, 08:48","HAARPER","b698adb4-9805-4766-be66-623415b580d7","NOTHING IS FOREVER","","NOTHING IS FOREVER",""
"1771663524","21 Feb 2026, 08:45","Xavier Wulf","e167a029-fd9f-43c1-96c2-c3da6b15164f","Blood Shore Season 2","bfe5cdb6-a78b-4df6-98ca-5d1c6f03c7ca","Thunder Man","c2550820-f473-4e0c-80c5-b47105e5333e"
"1771663395","21 Feb 2026, 08:43","MAKAVELIGODD","","Ride Or Die","","Ride Or Die",""
"1771663252","21 Feb 2026, 08:40","Ramirez","","Son Of Serpentine","8a2752af-4cfc-40fa-b1a4-622fbb8075a5","P.O.P.","bead61cd-f057-4de7-a5ff-3d4cac4b5e5f"
"1771663128","21 Feb 2026, 08:38","99zed","","NUISANCE","","NUISANCE",""
"1771662979","21 Feb 2026, 08:36","Ghostemane","1989dd59-7f11-4c90-9450-4d728ed07fb0","For The Aspiring Occultist","c9ae6083-78df-4dad-98bd-972f5a9afa56","Caligula","bc8a2834-ce5c-4788-8381-d821c8540554"
"1771662853","21 Feb 2026, 08:34","redzed","e0224068-455b-478c-b83b-b447ca924bbc","BOHEMIAN PSYCHO","e505fe7c-4482-4a87-844c-eec69c60c18c","Straight Outta Flames","9ec39862-8f21-48f0-b17f-0ed63a238954"
"1771662703","21 Feb 2026, 08:31","Xavier Wulf","e167a029-fd9f-43c1-96c2-c3da6b15164f","Project X","651d7929-d863-457c-a9fe-802d46d7db52","Akina Speed Star","d758bf56-4868-4aab-a9bb-296d10653332"
"1771662561","21 Feb 2026, 08:29","MAKAVELIGODD","","Harakiri","","HARAKIRI",""
"1771662454","21 Feb 2026, 08:27","Brennan Savage","b6056880-789d-457b-84b0-8db84028a667","Badlands","35d4b7b3-b1ba-4900-9c8b-0b8f3a521502","Badlands","c0ff3a20-0187-4e72-a351-6de339f18343"
"1771662331","21 Feb 2026, 08:25","99zed","","TALEZ FROM THA STANK","d87f1d7d-3964-4821-8986-89e2829ce4b2","Butta Knife",""
"1771662164","21 Feb 2026, 08:22","Ghostemane","1989dd59-7f11-4c90-9450-4d728ed07fb0","John Dee","d30f46f5-e133-4600-b0e5-90b2315a9c86","JOHN DEE","92ac32b7-03cb-4b72-a539-3727a4863705"
"1771662062","21 Feb 2026, 08:21","Warlord Colossus","","Mania Likely","","Mania Likely",""
"1771661938","21 Feb 2026, 08:18","$uicideboy$","ef326b3d-61f0-4379-aca0-21237d696d63","KILL YOURSELF PART XII: The Dark Glacier Saga","7fbc1227-0ea1-42a6-a03a-40e7352d585d","2ND HAND","1e89fa52-8071-4708-8122-17d86d5abdd9"
"1771661775","21 Feb 2026, 08:16","$uicideboy$","ef326b3d-61f0-4379-aca0-21237d696d63","Eternal Grey","fa7ff0af-a20d-4d94-9d46-de6263055e4a","O PANA!","2d80cc07-6078-4982-8a91-8c082001783b"
"1771661639","21 Feb 2026, 08:13","do not resurrect","","Blüdhaven","","cosmic humility interlude",""
"1771661504","21 Feb 2026, 08:11","$uicideboy$","ef326b3d-61f0-4379-aca0-21237d696d63","KILL YOURSELF PART XII: The Dark Glacier Saga","7fbc1227-0ea1-42a6-a03a-40e7352d585d","AUDUBON","594baa1b-e9f7-498e-bf3f-827af4867714"
"1771659258","21 Feb 2026, 07:34","$uicideboy$","ef326b3d-61f0-4379-aca0-21237d696d63","New World Depression","cb3cd4d6-58b4-4b00-92ce-5ac87d0f06bd","Burgundy","86ae8694-d0a7-4d58-8517-0091172a0a83"
"1771659148","21 Feb 2026, 07:32","comehelpglo","","in the end will you remember me","","in the end will you remember me","f1ade484-08f7-4912-b9cf-33893e7c0d24"
"1771659041","21 Feb 2026, 07:30","$uicideboy$","ef326b3d-61f0-4379-aca0-21237d696d63","STOP STARING AT THE SHADOWS","dfa08e96-8e30-4e40-8c8a-5506eca3caaa","Putrid Pride","9ca08f95-19df-44af-be89-e33df30d3d77"
"1771658915","21 Feb 2026, 07:28","BTD Spectre","a93468c3-85e8-457a-ae8b-29ad2f0fe835","Shovel And A Blank Face","6d14a768-cdca-43a9-ab09-836909906103","Shovel And A Blank Face","2f95c5f2-52b5-4125-8d86-c67b117f5d5d"
"1771658750","21 Feb 2026, 07:25","$uicideboy$","ef326b3d-61f0-4379-aca0-21237d696d63","Long Term Effects of Suffering","020fc885-d505-4ee6-9bd0-dbe0c0b1cf82","The Number You Have Dialed Is Not in Service","0300e079-3c69-4c83-82f5-ac15e4a231e2"
"1771658530","21 Feb 2026, 07:22","Yung Dori","","Agora","","Agora",""
"1771658375","21 Feb 2026, 07:19","$uicideboy$","ef326b3d-61f0-4379-aca0-21237d696d63","High Tide In The Snake's Nest","1a00b8bc-1480-4985-ac68-cd66c87adc20","Ugly","04c5a75a-5806-4ccd-b8c2-00c11059eeb5"
"1771658240","21 Feb 2026, 07:17","Xavier Wulf","e167a029-fd9f-43c1-96c2-c3da6b15164f","Blood Shore Season 2","bfe5cdb6-a78b-4df6-98ca-5d1c6f03c7ca","Psycho Pass","2297217b-c41f-4207-8480-4341ab0b6164"
"1771658056","21 Feb 2026, 07:14","$uicideboy$","ef326b3d-61f0-4379-aca0-21237d696d63","I Want To Die In New Orleans","39bfba42-d4c9-4ee6-87fa-db277090524c","COMA","13678195-13d2-460e-a77a-50f0e6ad4720"
"1771657929","21 Feb 2026, 07:12","MAKAVELIGODD","","For Myself","","For Myself",""
"1771657736","21 Feb 2026, 07:08","$uicideboy$","ef326b3d-61f0-4379-aca0-21237d696d63","High Tide In The Snake's Nest","1a00b8bc-1480-4985-ac68-cd66c87adc20","Diemonds","034f29a4-eeb7-405f-9214-94baadbe5590"
"1771657624","21 Feb 2026, 07:07","Ghostemane","1989dd59-7f11-4c90-9450-4d728ed07fb0","N / O / I / S / E","4caa6e94-6aa6-4d0e-80ef-893a8f054f55","Gatteka","4ecba06f-81bc-4316-8f04-38da64540ad5"
"1771657484","21 Feb 2026, 07:04","$uicideboy$","ef326b3d-61f0-4379-aca0-21237d696d63","KILL YOURSELF PART XIII: THE ATLANTIS SAGA","0b74173f-0167-413f-8309-64b88e092c82","NEW CHAINS, SAME SHACKLES","36eb0f33-3bad-46d5-882e-3458ffed4ae9"
"1771657422","21 Feb 2026, 07:03","redzed","e0224068-455b-478c-b83b-b447ca924bbc","Explode","","Explode",""
"1771657316","21 Feb 2026, 07:01","$uicideboy$","ef326b3d-61f0-4379-aca0-21237d696d63","New World Depression","cb3cd4d6-58b4-4b00-92ce-5ac87d0f06bd","The Thin Grey Line","d34f44b2-4dff-47c7-b7e5-77f133e06079"
"1771657175","21 Feb 2026, 06:59","Germ","","Bad Shit","705952ef-62b4-496b-b567-70bcd828504b","Fuck Y'all Hoes (feat. $uicideboy$)",""
"1771657051","21 Feb 2026, 06:57","$uicideboy$","ef326b3d-61f0-4379-aca0-21237d696d63","STOP STARING AT THE SHADOWS","dfa08e96-8e30-4e40-8c8a-5506eca3caaa","That Just isn't Empirically Possible","2c9081d1-0751-4c0b-ba3c-48a33ea2809b"
"1771656866","21 Feb 2026, 06:54","Ramirez","","Meet Me Where The River Turns Grey","4a8de201-286b-4291-94fd-402b01694b1c","Sarcophagus II",""
"1771656720","21 Feb 2026, 06:52","$uicideboy$","ef326b3d-61f0-4379-aca0-21237d696d63","High Tide In The Snake's Nest","1a00b8bc-1480-4985-ac68-cd66c87adc20","Mount Sinai","31786c88-de4f-416e-a887-fcbaad92da85"
"1771656617","21 Feb 2026, 06:50","Brennan Savage","b6056880-789d-457b-84b0-8db84028a667","Badlands","35d4b7b3-b1ba-4900-9c8b-0b8f3a521502","Lonely World","cf54ddff-7a75-45a4-9e73-2e4fc2278750"
"1771656479","21 Feb 2026, 06:47","$uicideboy$","ef326b3d-61f0-4379-aca0-21237d696d63","I NO LONGER FEAR THE RAZOR GUARDING MY HEEL (III)","cdc7c8f4-9f5c-478d-909b-4004cf31874b","All That Glitters Is Not Gold, But It's Still Damn Beautiful","307ec40b-898f-4c1b-ba79-6c3571705c9c"
"1771656381","21 Feb 2026, 06:46","Kxllswxtch","7d577034-18d3-4066-85c7-157d3bcce6b5","THE WALLS HAVE EYES","","BOMBS AWAY",""
"1771656203","21 Feb 2026, 06:43","$uicideboy$","ef326b3d-61f0-4379-aca0-21237d696d63","Long Term Effects of Suffering","020fc885-d505-4ee6-9bd0-dbe0c0b1cf82","Ugliest","7dd94689-ba32-4650-997f-2a6b8b52e150"
"1771656087","21 Feb 2026, 06:41","Saliva Grey","8b87a68b-5d06-4ac1-a88f-752d3cfbd989","Desperate (For) Humanity","","Gimme a Second",""
"1771655899","21 Feb 2026, 06:38","$NOT","d993169f-2033-4810-bae8-564d4aab89cd","- TRAGEDY +","3cbeb9f6-936e-4a0e-a5fe-9a276215681e","ROADRUNNER +","356406ce-0e34-4158-a0f7-58e47ce6b96a"
"1771655718","21 Feb 2026, 06:35","$uicideboy$","ef326b3d-61f0-4379-aca0-21237d696d63","I No Longer Fear the Razor Guarding My Heel (V)","333ded78-8bab-4745-8d00-d7323cc751f1","Not Even Ghosts Are This Empty","78be6baf-1fa8-478b-b60a-3dde11a436f0"
"1771655608","21 Feb 2026, 06:33","99zed","","TALEZ FROM THA STANK","d87f1d7d-3964-4821-8986-89e2829ce4b2","Two Twelve Subwoofer",""
"1771655239","21 Feb 2026, 06:27","$uicideboy$","ef326b3d-61f0-4379-aca0-21237d696d63","Long Term Effects of Suffering","020fc885-d505-4ee6-9bd0-dbe0c0b1cf82","Avalon","2c5b0513-b365-4758-aafb-9cd231b5971d"
"1771655178","21 Feb 2026, 06:26","$uicideboy$","ef326b3d-61f0-4379-aca0-21237d696d63","YUNGDEATHLILLIFE","fe5ccb42-13db-4cb4-a9c3-b1cfba43423a","GLOSS OF BLOOD","5903ec5e-f9a9-4eb2-a043-5538e7214c01"
"1771655090","21 Feb 2026, 06:24","$uicideboy$","ef326b3d-61f0-4379-aca0-21237d696d63","YUNGDEATHLILLIFE","fe5ccb42-13db-4cb4-a9c3-b1cfba43423a","GLOSS OF BLOOD","5903ec5e-f9a9-4eb2-a043-5538e7214c01"
"1771654844","21 Feb 2026, 06:20","$uicideboy$","ef326b3d-61f0-4379-aca0-21237d696d63","I NO LONGER FEAR THE RAZOR GUARDING MY HEEL","b0811d63-0008-4730-96cd-2c9ee94b0354","My Flaws Burn Through My Skin Like Demonic Flames from Hell","3b7def7c-dd4d-4129-a9ee-623d93712eb5"
"1771654770","21 Feb 2026, 06:19","MAKAVELIGODD","","NECROSSISM","","The 9th Circle",""
"1771654603","21 Feb 2026, 06:16","$uicideboy$","ef326b3d-61f0-4379-aca0-21237d696d63","KILL YOURSELF PART XX: THE INFINITY SAGA","64c53586-486a-4619-bbd2-cb3bb8716855","NOW I'M UP TO MY NECK WITH OFFERS","2737e8e4-5619-4e26-bc44-49a6bbfa7111"
"1771654424","21 Feb 2026, 06:13","Ghostemane","1989dd59-7f11-4c90-9450-4d728ed07fb0","Human Err0r","","To Whom It May Concern",""
"1771654220","21 Feb 2026, 06:10","$uicideboy$","ef326b3d-61f0-4379-aca0-21237d696d63","I Want To Die In New Orleans","39bfba42-d4c9-4ee6-87fa-db277090524c","Carrollton","397e8833-237c-47c5-9655-eee62a0b1963"
"1771654100","21 Feb 2026, 06:08","redzed","e0224068-455b-478c-b83b-b447ca924bbc","Ecstasy","8643abf5-804e-450b-8d90-369fd9ce1717","Deadboy98","0759db2a-0f88-4acf-a007-ce30faa3dfd8"
"1771653944","21 Feb 2026, 06:05","$uicideboy$","ef326b3d-61f0-4379-aca0-21237d696d63","KILL YOURSELF PART XX: THE INFINITY SAGA","64c53586-486a-4619-bbd2-cb3bb8716855","FOR THE LAST TIME","975d81c6-cc19-4697-b6b2-571c647db0b2"
"1771653835","21 Feb 2026, 06:03","Germ","","Germ Has A Deathwish","da657635-3175-45d1-b903-d3c92eced72a","AWKWARD CAR DRIVE",""
"1771653707","21 Feb 2026, 06:01","$uicideboy$","ef326b3d-61f0-4379-aca0-21237d696d63","Antarctica","","ANTARCTICA","669664ca-0b75-43f0-840a-d9773eaf1ca6"
"1771653574","21 Feb 2026, 05:59","Kid Rock","ad0ecd8b-805e-406e-82cb-5b00c3a3a29e","Devil Without a Cause","00484629-1745-3e0f-81ae-e45efc5831a5","Bawitdaba","efee0059-68f3-486b-8e3f-4079611f42b0"
"1771653344","21 Feb 2026, 05:55","Mumford & Sons","","Prizefighter","b2d78b7f-c7c3-42d5-945b-1488142e8b30","Badlands (with Gracie Abrams)",""
"1771653141","21 Feb 2026, 05:52","Mumford & Sons","c44e9c22-ef82-4a77-9bcd-af6c958446d6","Prizefighter","b2d78b7f-c7c3-42d5-945b-1488142e8b30","Stay",""
"1771652948","21 Feb 2026, 05:49","Mumford & Sons","","Prizefighter","b2d78b7f-c7c3-42d5-945b-1488142e8b30","Icarus (with Gigi Perez)",""
"1771652724","21 Feb 2026, 05:45","Mumford & Sons","c44e9c22-ef82-4a77-9bcd-af6c958446d6","Prizefighter","b2d78b7f-c7c3-42d5-945b-1488142e8b30","Begin Again",""
"1771652514","21 Feb 2026, 05:41","Mumford & Sons","c44e9c22-ef82-4a77-9bcd-af6c958446d6","Prizefighter","b2d78b7f-c7c3-42d5-945b-1488142e8b30","Prizefighter",""
"1771652326","21 Feb 2026, 05:38","Mumford & Sons","c44e9c22-ef82-4a77-9bcd-af6c958446d6","Prizefighter","b2d78b7f-c7c3-42d5-945b-1488142e8b30","Alleycat",""
"1771652181","21 Feb 2026, 05:36","Mumford & Sons","","Prizefighter","b2d78b7f-c7c3-42d5-945b-1488142e8b30","Icarus (with Gigi Perez)",""
"1771651957","21 Feb 2026, 05:32","Mumford & Sons","c44e9c22-ef82-4a77-9bcd-af6c958446d6","Prizefighter","b2d78b7f-c7c3-42d5-945b-1488142e8b30","Begin Again",""
"1771651747","21 Feb 2026, 05:29","Mumford & Sons","c44e9c22-ef82-4a77-9bcd-af6c958446d6","Prizefighter","b2d78b7f-c7c3-42d5-945b-1488142e8b30","Prizefighter",""
"1771651558","21 Feb 2026, 05:25","Mumford & Sons","c44e9c22-ef82-4a77-9bcd-af6c958446d6","Prizefighter","b2d78b7f-c7c3-42d5-945b-1488142e8b30","Alleycat",""
"1771640508","21 Feb 2026, 02:21","Noah Kahan","a2a3f910-b188-43e7-81d0-f1ac2a2f3e12","Stick Season","","The View Between Villages","b1e4ba19-3371-4a44-bbbe-728c68443614"
"1771640290","21 Feb 2026, 02:18","Mumford & Sons","c44e9c22-ef82-4a77-9bcd-af6c958446d6","Delta","24eb1c7e-e9ac-41bd-961f-59a2502d1a19","Guiding Light","0cc7d196-6354-4dbd-abb3-7b6ede58b98a"
"1771640067","21 Feb 2026, 02:14","Mumford & Sons","c44e9c22-ef82-4a77-9bcd-af6c958446d6","Prizefighter","b2d78b7f-c7c3-42d5-945b-1488142e8b30","Clover",""
"1771639904","21 Feb 2026, 02:11","Mumford & Sons","c44e9c22-ef82-4a77-9bcd-af6c958446d6","Prizefighter","b2d78b7f-c7c3-42d5-945b-1488142e8b30","I'll Tell You Everything",""
"1771639681","21 Feb 2026, 02:08","Mumford & Sons","c44e9c22-ef82-4a77-9bcd-af6c958446d6","Prizefighter","b2d78b7f-c7c3-42d5-945b-1488142e8b30","Shadow Of A Man",""
"1771639504","21 Feb 2026, 02:05","Mumford & Sons","","Prizefighter","b2d78b7f-c7c3-42d5-945b-1488142e8b30","Badlands (with Gracie Abrams)",""
"1771639300","21 Feb 2026, 02:01","Mumford & Sons","c44e9c22-ef82-4a77-9bcd-af6c958446d6","Prizefighter","b2d78b7f-c7c3-42d5-945b-1488142e8b30","Stay",""
"1771639107","21 Feb 2026, 01:58","Mumford & Sons","","Prizefighter","b2d78b7f-c7c3-42d5-945b-1488142e8b30","Icarus (with Gigi Perez)",""
"1771638883","21 Feb 2026, 01:54","Mumford & Sons","c44e9c22-ef82-4a77-9bcd-af6c958446d6","Prizefighter","b2d78b7f-c7c3-42d5-945b-1488142e8b30","Begin Again",""
"1771638674","21 Feb 2026, 01:51","Mumford & Sons","c44e9c22-ef82-4a77-9bcd-af6c958446d6","Prizefighter","b2d78b7f-c7c3-42d5-945b-1488142e8b30","Prizefighter",""
"1771638485","21 Feb 2026, 01:48","Mumford & Sons","c44e9c22-ef82-4a77-9bcd-af6c958446d6","Prizefighter","b2d78b7f-c7c3-42d5-945b-1488142e8b30","Alleycat",""
"1771638220","21 Feb 2026, 01:43","Mumford & Sons","c44e9c22-ef82-4a77-9bcd-af6c958446d6","Prizefighter","b2d78b7f-c7c3-42d5-945b-1488142e8b30","Begin Again",""
"1771637990","21 Feb 2026, 01:39","KONGOS","7bbd2f4c-b5b3-4ed1-92ce-53aef244f00d","Egomaniac","06d49d89-ad54-404d-b0e9-b09d92094eff","Repeat After Me","8fd51756-56ec-4219-a50c-ffd1f0e7db36"
"1771637780","21 Feb 2026, 01:36","Mumford & Sons","c44e9c22-ef82-4a77-9bcd-af6c958446d6","Prizefighter","b2d78b7f-c7c3-42d5-945b-1488142e8b30","Prizefighter",""
"1771637592","21 Feb 2026, 01:33","Mumford & Sons","c44e9c22-ef82-4a77-9bcd-af6c958446d6","Prizefighter","b2d78b7f-c7c3-42d5-945b-1488142e8b30","Alleycat",""
"1771637449","21 Feb 2026, 01:30","Mumford & Sons","c44e9c22-ef82-4a77-9bcd-af6c958446d6","Prizefighter","b2d78b7f-c7c3-42d5-945b-1488142e8b30","Alleycat",""
"1771637119","21 Feb 2026, 01:25","Mumford & Sons","c44e9c22-ef82-4a77-9bcd-af6c958446d6","Prizefighter","b2d78b7f-c7c3-42d5-945b-1488142e8b30","Conversation With My Son (Gangsters & Angels)",""
"1771636900","21 Feb 2026, 01:21","Mumford & Sons","c44e9c22-ef82-4a77-9bcd-af6c958446d6","Prizefighter","b2d78b7f-c7c3-42d5-945b-1488142e8b30","Run Together",""
"1771636670","21 Feb 2026, 01:17","Mumford & Sons","c44e9c22-ef82-4a77-9bcd-af6c958446d6","Prizefighter","b2d78b7f-c7c3-42d5-945b-1488142e8b30","The Banjo Song","4975ab0c-cfe4-4eae-af59-f757bf99c0df"
"1771636452","21 Feb 2026, 01:14","Mumford & Sons","","Prizefighter","b2d78b7f-c7c3-42d5-945b-1488142e8b30","Rubber Band Man (with Hozier)",""
"1771636267","21 Feb 2026, 01:11","Mumford & Sons","c44e9c22-ef82-4a77-9bcd-af6c958446d6","Prizefighter","b2d78b7f-c7c3-42d5-945b-1488142e8b30","Alleycat",""
"1771636259","21 Feb 2026, 01:10","Mumford & Sons","","Prizefighter","b2d78b7f-c7c3-42d5-945b-1488142e8b30","Here (with Chris Stapleton)",""
"1771620444","20 Feb 2026, 20:47","Mumford & Sons","c44e9c22-ef82-4a77-9bcd-af6c958446d6","Prizefighter","b2d78b7f-c7c3-42d5-945b-1488142e8b30","Alleycat",""
"1771608629","20 Feb 2026, 17:30","Mumford & Sons","c44e9c22-ef82-4a77-9bcd-af6c958446d6","Prizefighter","b2d78b7f-c7c3-42d5-945b-1488142e8b30","Stay",""
"1771608436","20 Feb 2026, 17:27","Mumford & Sons","","Prizefighter","b2d78b7f-c7c3-42d5-945b-1488142e8b30","Icarus (with Gigi Perez)",""
"1771607601","20 Feb 2026, 17:13","Mumford & Sons","c44e9c22-ef82-4a77-9bcd-af6c958446d6","Prizefighter","b2d78b7f-c7c3-42d5-945b-1488142e8b30","Begin Again",""
"1771607391","20 Feb 2026, 17:09","Mumford & Sons","c44e9c22-ef82-4a77-9bcd-af6c958446d6","Prizefighter","b2d78b7f-c7c3-42d5-945b-1488142e8b30","Prizefighter",""
"1771607204","20 Feb 2026, 17:06","Mumford & Sons","c44e9c22-ef82-4a77-9bcd-af6c958446d6","Prizefighter","b2d78b7f-c7c3-42d5-945b-1488142e8b30","Alleycat",""
"1771606825","20 Feb 2026, 17:00","Mumford & Sons","c44e9c22-ef82-4a77-9bcd-af6c958446d6","Prizefighter","b2d78b7f-c7c3-42d5-945b-1488142e8b30","Clover",""
"1771593437","20 Feb 2026, 13:17","Mumford & Sons","c44e9c22-ef82-4a77-9bcd-af6c958446d6","Prizefighter","b2d78b7f-c7c3-42d5-945b-1488142e8b30","I'll Tell You Everything",""
"1771593213","20 Feb 2026, 13:13","Mumford & Sons","c44e9c22-ef82-4a77-9bcd-af6c958446d6","Prizefighter","b2d78b7f-c7c3-42d5-945b-1488142e8b30","Shadow Of A Man",""
"1771593036","20 Feb 2026, 13:10","Mumford & Sons","","Prizefighter","b2d78b7f-c7c3-42d5-945b-1488142e8b30","Badlands (with Gracie Abrams)",""
"1771592781","20 Feb 2026, 13:06","Mumford & Sons","c44e9c22-ef82-4a77-9bcd-af6c958446d6","Prizefighter","b2d78b7f-c7c3-42d5-945b-1488142e8b30","Stay",""
"1771592492","20 Feb 2026, 13:01","Mumford & Sons","","Prizefighter","b2d78b7f-c7c3-42d5-945b-1488142e8b30","Icarus (with Gigi Perez)",""
"1771592268","20 Feb 2026, 12:57","Mumford & Sons","c44e9c22-ef82-4a77-9bcd-af6c958446d6","Prizefighter","b2d78b7f-c7c3-42d5-945b-1488142e8b30","Begin Again",""
"1771592058","20 Feb 2026, 12:54","Mumford & Sons","c44e9c22-ef82-4a77-9bcd-af6c958446d6","Prizefighter","b2d78b7f-c7c3-42d5-945b-1488142e8b30","Prizefighter",""
"1771591367","20 Feb 2026, 12:42","Mumford & Sons","c44e9c22-ef82-4a77-9bcd-af6c958446d6","Prizefighter","b2d78b7f-c7c3-42d5-945b-1488142e8b30","Alleycat",""
"1771591037","20 Feb 2026, 12:37","Mumford & Sons","c44e9c22-ef82-4a77-9bcd-af6c958446d6","Prizefighter","b2d78b7f-c7c3-42d5-945b-1488142e8b30","Conversation With My Son (Gangsters & Angels)",""
"1771590819","20 Feb 2026, 12:33","Mumford & Sons","c44e9c22-ef82-4a77-9bcd-af6c958446d6","Prizefighter","b2d78b7f-c7c3-42d5-945b-1488142e8b30","Run Together",""
"1771590524","20 Feb 2026, 12:28","Mumford & Sons","","Prizefighter","b2d78b7f-c7c3-42d5-945b-1488142e8b30","Rubber Band Man (with Hozier)",""
"1771590334","20 Feb 2026, 12:25","Mumford & Sons","","Prizefighter","b2d78b7f-c7c3-42d5-945b-1488142e8b30","Here (with Chris Stapleton)",""
"1771534828","19 Feb 2026, 21:00","Noah Kahan","a2a3f910-b188-43e7-81d0-f1ac2a2f3e12","The Great Divide","","The Great Divide",""
"1771534548","19 Feb 2026, 20:55","Caamp","8e868f14-7fb1-4e80-b783-b992f844b010","By and By","09eda7cb-3cec-4f70-9b9a-ea3fce08f67d","By and By","b86ce3ae-4a01-40b4-940d-a9793cdd9722"
"1771534145","19 Feb 2026, 20:49","Rainbow Kitten Surprise","ab4e7869-86f5-455e-b52c-c89d7664c07b","How To: Friend, Love, Freefall","5f8f624e-2459-4f34-8c4f-f45e4579038e","When It Lands","022554a3-eb28-4e70-9c58-b724f5f2ffb6"
"1771531611","19 Feb 2026, 20:06","Jawny","db3de4ac-af35-49b1-92c1-10a932c7ef59","For Abby","5a4e0f22-8bfc-40fd-b2be-4eadf5637f86","Honeypie","be88912a-4c11-4c76-8d6c-d1892e20afc6"
"1771531360","19 Feb 2026, 20:02","Steve Lacy","b29020d6-5dbf-4c99-b16f-c009f8a712ff","Dark Red","","Dark Red","7f586f5c-2c50-4f93-947e-99c8474f6955"
"1771531075","19 Feb 2026, 19:57","Wallows","9fae44ec-b95c-4b0f-a0a6-f0008613eabf","Nothing Happens","0fb82677-d54d-45b2-ab74-0b5daf5d5f2a","Remember When","26383044-b575-4a87-ae25-b0d6af7f3edd"
"1771530649","19 Feb 2026, 19:50","Crumb","b747dabe-b66c-48f6-bae6-b5e16d86b9ab","Locket","111f786e-cb2a-4338-ba6a-95ccfdf4da3c","Locket","fb550b59-1877-4dcd-a17b-f399799495be"
"1771530454","19 Feb 2026, 19:47","Dominic Fike","e337c918-098f-418e-97a2-81dc224b1bf9","Don't Forget About Me, Demos","","King of Everything","7e19a657-fb8c-4701-9090-d0b171cf6bf6"
"1771530174","19 Feb 2026, 19:42","Hozier","b4691384-50c3-4afd-9988-51d3ec5db65d","Unreal Unearth","ccbc2788-cef7-4a4b-b33f-e7635221469e","Unknown / Nth","9f1f2829-db52-4504-b66a-e96557fc78a6"
"1771529866","19 Feb 2026, 19:37","The Backseat Lovers","7b46472b-adda-4a9e-a6e7-824dedff9200","Out of Tune","","Out of Tune","f8f10b0e-55c1-436c-a564-5e2242adbb22"
"1771529642","19 Feb 2026, 19:34","Noah Kahan","a2a3f910-b188-43e7-81d0-f1ac2a2f3e12","Busyhead","1bc6d800-30a4-4962-99ea-cf0440ed1aa0","False Confidence","0a98753f-1862-4390-ae20-d9c77a7131dc"
"1771529450","19 Feb 2026, 19:30","Caamp","8e868f14-7fb1-4e80-b783-b992f844b010","Caamp","0d0cb2b6-5cb8-4df9-a852-cf20a8532128","All the Debts I Owe","19fdcc33-98ed-4324-b039-44bb611add45"
"1771529305","19 Feb 2026, 19:28","Archer Oh","","The Internal Theater","","This Isn't You",""
"1771529074","19 Feb 2026, 19:24","Black Pistol Fire","43ca08d8-646c-4745-880f-44807656c105","Look Alive","a8acc5de-8233-4aa5-80b2-667bd5ccad70","Pick Your Poison","4b1b2308-9db4-4880-87d5-9b88be989f1a"
"1771526825","19 Feb 2026, 18:47","$uicideboy$","ef326b3d-61f0-4379-aca0-21237d696d63","Kill Yourself Part VIII: The Seppuku Saga","1acd1477-6897-450e-8e15-643eb91132db","Tempura","5c0e9d36-a041-40d7-bf8f-8ea3a2913671"
"1771445693","18 Feb 2026, 20:14","Three Days Grace","fabb37f8-eb2a-4cc1-a72a-b56935bbb72d","Three Days Grace","129c8d59-41ef-4682-a288-c1e88ef471e6","Just Like You","0d5157ef-752b-3acb-b972-d1a512c54067"
"1771445306","18 Feb 2026, 20:08","Pierce the Veil","8ed919fb-eaee-45a1-ba99-b3ede9ca5f1d","Collide With the Sky","12841a9c-293c-4417-823d-2550ea8c63cd","Bulls in the Bronx","00579615-cf05-41fa-ae4d-4b1ba3210202"
"1771445074","18 Feb 2026, 20:04","Buffalo Traffic Jam","","Comfort in Misery","","Comfort in Misery",""
"1771444709","18 Feb 2026, 19:58","Waylon Wyatt","92d62a2e-0e1d-4b6b-9327-6d4e2360eb08","Til The Sun Goes Down","089b0566-74e4-4201-a5f6-51bf49369029","O.D.",""
"1771444579","18 Feb 2026, 19:56","Clayton Nile Young","","Della","cd2405a4-c5a4-4179-9e72-c0b9e0116ed7","Liquid Ghost","4c48b8d2-feae-413d-a2f2-e66c546ff262"
"1771420143","18 Feb 2026, 13:09","Waylon Wyatt","92d62a2e-0e1d-4b6b-9327-6d4e2360eb08","Til The Sun Goes Down","089b0566-74e4-4201-a5f6-51bf49369029","O.D.",""
"1771419792","18 Feb 2026, 13:03","Treaty Oak Revival","3ed833d2-c293-4fd7-9786-f5e8c19268e1","No Vacancy","9926a1f8-ebff-4c08-a193-7100689b37eb","Ode to Bourbon","faba7faa-eb86-4bbc-88eb-872b8d95c5ba"
"1771419570","18 Feb 2026, 12:59","Joe Jordan","68a7b4ca-a4ed-4b68-9581-bece843847b2","Spiraling Down","","Spiraling Down",""
"1771419325","18 Feb 2026, 12:55","Benjamin Joseph","39bb6ea8-9c05-490f-8109-9a9faf367dfc","Devil At Your Backdoor","","Devil At Your Backdoor",""
"1771418655","18 Feb 2026, 12:44","Tyler Nance","","Whiskey Me or the Pain","","Whiskey Me or the Pain","f0051b74-11ab-464f-b1e5-74b134c26350"
"1771418501","18 Feb 2026, 12:41","Hayden Blount","28e6316a-6a1a-4bf3-b699-e2864dbff47c","Up, Out, and Leaving","","Good God, Hot Damn",""
"1771418327","18 Feb 2026, 12:38","Buffalo Traffic Jam","","Comfort in Misery","","Comfort in Misery",""
"1771418182","18 Feb 2026, 12:36","Isaac Pedersen","","No Tomorrow","","No Tomorrow",""
"1771417958","18 Feb 2026, 12:32","Sons of Habit","6a79180b-3da9-44b0-9949-29181e41edc6","Sober","","Sober",""
"1771417726","18 Feb 2026, 12:28","Lincoln Swanzy","","Sweet Rose","","Sweet Rose",""
"1771394190","18 Feb 2026, 05:56","The Red Clay Strays","01930336-bcd2-42f8-8274-7ee6a75bcd0c","Made by These Moments","39a37569-e27e-4ddd-b17c-449db511ed63","I'm Still Fine","8c8840e0-d55b-4c8d-ba7b-0721e083e90a"
"1771365174","17 Feb 2026, 21:52","Noah Kahan","a2a3f910-b188-43e7-81d0-f1ac2a2f3e12","The Great Divide","","The Great Divide",""
"1771365023","17 Feb 2026, 21:50","The Smashing Pumpkins","ba0d6274-db14-4ef5-b28d-657ebde1a396","Mellon Collie and the Infinite Sadness (Deluxe Edition)","","Zero - Remastered 2012","57f0a652-6d7e-4bad-ba23-dc290cc2766e"
"1771364834","17 Feb 2026, 21:47","Tyler Nance","","Shovel","","Shovel",""
"1771364630","17 Feb 2026, 21:43","Buffalo Traffic Jam","","I Don't Care","","I Don't Care",""
"1771364539","17 Feb 2026, 21:42","Mason","","House Top 1000 (Mini Mix 001)","","Perfect (Exceeder) [Mix Cut] - Vocal Club Mix",""
"1771364063","17 Feb 2026, 21:34","Drugdealer","d3b69dfc-4b20-440c-bd23-6f939d076082","Hiding In Plain Sight","f65e49dd-769e-42df-b8e1-c827f56ac909","Pictures of You",""
"1771363885","17 Feb 2026, 21:31","Porch Light","ba690140-1af2-4a4e-95c0-647828f8cda8","Navy Blue","dced93cd-7872-47de-8ba8-a7d7bb6dc61e","Give Me Something","b3417e74-8ea8-4e07-9832-7b690ad93572"
"1771363713","17 Feb 2026, 21:28","Mike Clark Jr","","Keep On Steppin: Big Stepper Edition","","Keep On Steppin (feat. Big Boogie)",""
"1771363497","17 Feb 2026, 21:24","Wednesday","9833b455-0da2-40b5-8e63-37816c910604","Bleeds","42861d98-03b5-4c26-a3e6-c2a91f9fe442","Elderberry Wine","aad931f3-51f4-4c8d-a4e5-d4ddbb46cba7"
"1771363231","17 Feb 2026, 21:20","Brenn!","","County Line","","4runner","9d89ff71-a38f-4066-8da1-a4dd419e1e4b"
"1771362997","17 Feb 2026, 21:16","Tom Rosenthal","","Z-Sides","d9315890-2091-4a44-acc5-f7d1ab703f2f","Hugging You - Acoustic",""
"1771362809","17 Feb 2026, 21:13","Set It Off","","Duality","d6b3a91b-6ae5-4855-a523-1fcb1de1f31a","Wolf In Sheep's Clothing (feat. William Beckett)",""
"1771362615","17 Feb 2026, 21:10","Asal","2db3ee6e-8602-48cc-98a6-cdfd3dd6bbdf","tolerance","a73054da-2a49-4aec-b99f-c7f89857ad0b","tolerance",""
"1771362395","17 Feb 2026, 21:06","Porch Light","ba690140-1af2-4a4e-95c0-647828f8cda8","Oxygen","","Saturation","b56c9756-3a69-433d-a129-fc79abfea9a5"
"1771362171","17 Feb 2026, 21:02","Upon Your Dead Body","","Orange Hill Drive","","Orange Hill Drive",""
"1771361952","17 Feb 2026, 20:59","Neck Deep","c41dd59f-d805-41df-9e0e-83ec0f9f468e","Life's Not Out to Get You","61f73e3e-2394-4068-9678-1ebe2142f7be","December","9ef22d5c-9900-41b5-b543-2a49174c68e2"
"1771361668","17 Feb 2026, 20:54","will.i.am","d574c9bd-46f6-440a-8d6a-8412a283eeb1","#willpower","169335ba-d01d-4390-b42d-9fb9eabc24de","Scream & Shout","00e781e0-636a-40ba-a25a-9d3e4c2d2a45"
"1771361507","17 Feb 2026, 20:51","The Smashing Pumpkins","ba0d6274-db14-4ef5-b28d-657ebde1a396","Mellon Collie and the Infinite Sadness (Deluxe Edition)","","Zero - Remastered 2012","57f0a652-6d7e-4bad-ba23-dc290cc2766e"
"1771361295","17 Feb 2026, 20:48","Fall Out Boy","516cef4d-0718-4007-9939-f9b38af3f784","Infinity on High","10b70cf6-7880-4699-a936-a288e5ceedf9","This Ain't a Scene, It's an Arms Race",""
"1771349386","17 Feb 2026, 17:29","Buffalo Traffic Jam","","I Don't Care","","I Don't Care",""
"1771347998","17 Feb 2026, 17:06","Mason","","House Top 1000 (Mini Mix 001)","","Perfect (Exceeder) [Mix Cut] - Vocal Club Mix",""
"1771347807","17 Feb 2026, 17:03","Tyler Nance","","Shovel","","Shovel",""
"1771347488","17 Feb 2026, 16:58","Noah Kahan","a2a3f910-b188-43e7-81d0-f1ac2a2f3e12","The Great Divide","","The Great Divide",""
"1771347303","17 Feb 2026, 16:55","Zach Bryan","51e90731-08c0-4f60-89b6-5b78e5844de8","With Heaven On Top","5d1ba863-a4ca-4286-889c-d92afe1b41ec","Appetite","14c05257-2bee-41e8-bed9-3828717b7ffd"
"1771347168","17 Feb 2026, 16:52","Connor Price","","ICONIC","3256c93c-1b28-4db5-b973-b2683861fd1e","Too Easy","0d11b51f-6910-4842-a7e0-5725b3bb6786"
"1771346947","17 Feb 2026, 16:49","Three Days Grace","fabb37f8-eb2a-4cc1-a72a-b56935bbb72d","One-X","","Gone Forever","257bf705-0531-458e-8845-a00606dfc6b9"
"1771346727","17 Feb 2026, 16:45","Cage the Elephant","b41b38d4-ef3e-4f37-8c75-cfe9af999696","Social Cues","05f8bc81-45ee-4b7e-ac37-fccd3eea0e04","Social Cues","07241bff-ce03-4284-88e8-f148d84ac037"
"1771346563","17 Feb 2026, 16:42","Benjamin Tod","c85360c9-7b7f-4cb2-a541-bff275020b9e","I Will Rise","5ccf4e64-293b-4fea-b8d7-045f14b55169","Using Again","8ec60fa6-8c9e-4d32-b6c5-01a73c139ba9"
"1771346408","17 Feb 2026, 16:40","Niko Sitaras","","Weed","","Weed",""
"1771346069","17 Feb 2026, 16:34","Avicii","c85cfd6b-b1e9-4a50-bd55-eb725f04f7d5","Levels","348eeb25-382c-4468-9118-ecf9f175d9c6","Levels - Original Version","26d2f8cd-da86-4152-b34b-4e09d56431d0"
"1771345997","17 Feb 2026, 16:33","Charles Wesley Godwin","082e1531-e8ff-43ef-8f1c-7c6600b0c00d","Seneca","f6292b69-b868-48f2-bf52-a6f87a8c8983","Seneca Creek","11814a7a-b40d-4eca-a1db-dd61d1bf8a9f"
"1771345994","17 Feb 2026, 16:33","PM_FOUR","","Night Mail (PM_FOUR)","","Night Mail (PM_FOUR)",""
"1771282364","16 Feb 2026, 22:52","The Listros","4b6067fb-e3cc-424d-ba4a-f1a0ab25a6fa","Into The Otherside","","Into The Otherside",""
"1771282208","16 Feb 2026, 22:50","$uicideboy$","ef326b3d-61f0-4379-aca0-21237d696d63","Thy Kingdom Come","2992e9ec-f801-4991-841a-d430c73576d3","Napoleon","a59d78e2-5601-41d8-9e0a-175be3f413c3"
"1771282064","16 Feb 2026, 22:47","Cutty Vibez","","SHAKE SUM","","SHAKE SUM",""
"1771281810","16 Feb 2026, 22:43","Queens of the Stone Age","","Songs for the Deaf","2622f72c-73ae-4a8c-b533-c1d995d260e8","No One Knows",""
"1771281665","16 Feb 2026, 22:41","Royal Blood","aa62b28e-b6d4-4086-91d4-e5fac1ed56f3","Royal Blood","0515e83f-66ac-480c-8a33-74685020a41f","Figure It Out","0e1ac1f5-c92b-4cef-bccc-a999b1c52ff6"
"1771281620","16 Feb 2026, 22:40","Connor Price","","ICONIC","3256c93c-1b28-4db5-b973-b2683861fd1e","Too Easy","0d11b51f-6910-4842-a7e0-5725b3bb6786"
"1771281495","16 Feb 2026, 22:38","Mike Clark Jr","","Keep On Steppin: Big Stepper Edition","","Keep On Steppin (feat. Big Boogie)",""
"1771281300","16 Feb 2026, 22:35","Mason","","House Top 1000 (Mini Mix 001)","","Perfect (Exceeder) [Mix Cut] - Vocal Club Mix",""
"1771281166","16 Feb 2026, 22:32","Connor Price","","ICONIC","3256c93c-1b28-4db5-b973-b2683861fd1e","Too Easy","0d11b51f-6910-4842-a7e0-5725b3bb6786"
"1771280826","16 Feb 2026, 22:27","Avicii","c85cfd6b-b1e9-4a50-bd55-eb725f04f7d5","Levels","348eeb25-382c-4468-9118-ecf9f175d9c6","Levels - Original Version","26d2f8cd-da86-4152-b34b-4e09d56431d0"
"1771280751","16 Feb 2026, 22:25","PM_FOUR","","Night Mail (PM_FOUR)","","Night Mail (PM_FOUR)",""
"1771280303","16 Feb 2026, 22:18","Seether","fbcd7b29-455f-49e6-9c4f-8249d20a055e","Disclaimer","2a657dee-7621-446b-97cd-8ca85cd2211f","Fine Again","c2f02cfe-4992-42fd-8d76-8d66f889ede6"
"1771280030","16 Feb 2026, 22:13","The Heavy","ea99eec5-bd72-4b4f-86e4-54c5a34f7e10","The House That Dirt Built","11b54367-ac40-49d2-8028-ef6afa7e3bc2","Short Change Hero","017fe84c-d24d-43b9-980c-2088f3417187"
"1771279827","16 Feb 2026, 22:10","Modest Mouse","a96ac800-bfcb-412a-8a63-0a98df600700","Good News For People Who Love Bad News","0b669744-88d3-3a2e-a3b3-702454a280a9","Float On","7bd48aef-14b5-35b3-9155-645519785915"
"1771279523","16 Feb 2026, 22:05","Red Hot Chili Peppers","8bfac288-ccc5-448d-9573-c33ea2aa5c30","I'm With You","1913928d-2516-4a0a-8095-9f9e5747fe58","The Adventures of Rain Dance Maggie","1b781268-7dc2-418d-ab54-aad4fa2aa8a8"
"1771279203","16 Feb 2026, 22:00","Wilt","34f7017a-4a62-43b9-a5e8-6f651ebb910f","Wilt","197cb495-f8c5-4803-88ea-8dc72c8dfa9e","bite my tongue","2303a09b-59ba-4ec4-a5c2-d8ac6b9b9eca"
"1771279025","16 Feb 2026, 21:57","Basement","","Be Here Now / Are You The One","b87ee1a5-e240-4692-b1af-755c28c951d6","Are You The One","4c2f9910-0103-43bc-996f-a4ce9836df3c"
"1771278043","16 Feb 2026, 21:40","Buffalo Traffic Jam","","I Don't Care","","I Don't Care",""
"1771277945","16 Feb 2026, 21:39","Mason","","House Top 1000 (Mini Mix 001)","","Perfect (Exceeder) [Mix Cut] - Vocal Club Mix",""
"1771277497","16 Feb 2026, 21:31","Tyler Nance","","Shovel","","Shovel",""
"1771267859","16 Feb 2026, 18:50","Noah Kahan","a2a3f910-b188-43e7-81d0-f1ac2a2f3e12","The Great Divide","","The Great Divide",""
"1771267673","16 Feb 2026, 18:47","Zach Bryan","51e90731-08c0-4f60-89b6-5b78e5844de8","With Heaven On Top","5d1ba863-a4ca-4286-889c-d92afe1b41ec","Appetite","14c05257-2bee-41e8-bed9-3828717b7ffd"
"1771267541","16 Feb 2026, 18:45","Connor Price","","ICONIC","3256c93c-1b28-4db5-b973-b2683861fd1e","Too Easy","0d11b51f-6910-4842-a7e0-5725b3bb6786"
"1771267265","16 Feb 2026, 18:41","Cage the Elephant","b41b38d4-ef3e-4f37-8c75-cfe9af999696","Social Cues","05f8bc81-45ee-4b7e-ac37-fccd3eea0e04","Social Cues","07241bff-ce03-4284-88e8-f148d84ac037"
"1771267105","16 Feb 2026, 18:38","Benjamin Tod","c85360c9-7b7f-4cb2-a541-bff275020b9e","I Will Rise","5ccf4e64-293b-4fea-b8d7-045f14b55169","Using Again","8ec60fa6-8c9e-4d32-b6c5-01a73c139ba9"
"1771266575","16 Feb 2026, 18:29","Avicii","c85cfd6b-b1e9-4a50-bd55-eb725f04f7d5","Levels","348eeb25-382c-4468-9118-ecf9f175d9c6","Levels - Original Version","26d2f8cd-da86-4152-b34b-4e09d56431d0"
"1771266498","16 Feb 2026, 18:28","PM_FOUR","","Night Mail (PM_FOUR)","","Night Mail (PM_FOUR)",""
"1771266328","16 Feb 2026, 18:25","Pet Symmetry","1d3efa22-086e-43c9-aef9-57dd26fb60b4","Two Songs About Cars. Two Songs With Long Titles.","06aa855b-226c-4e52-8b4e-8527995cbc8f","A Detailed & Poetic Physical Threat To The Person Who Intentionally Vandalized My 1994 Dodge Intrepid Behind Kate's Apartment","34d4fbb7-2fd5-4c8e-be7e-38992c88e394"
"1771266020","16 Feb 2026, 18:20","The Backseat Lovers","7b46472b-adda-4a9e-a6e7-824dedff9200","Out of Tune","","Out of Tune","f8f10b0e-55c1-436c-a564-5e2242adbb22"
"1771265843","16 Feb 2026, 18:17","Elijah Scott","","Let You Go","","Let You Go",""
"1771265053","16 Feb 2026, 18:04","Kardinal Offishall","03647192-f55b-42b2-9a74-db28fcae8fd1","Not 4 Sale","4cc3cfeb-0a4f-4f30-8377-e4fafc1b865b","Dangerous","930947c6-724e-46e4-aa50-d886ea76df2b"
"1771210330","16 Feb 2026, 02:52","The Neighbourhood","97b8d224-5660-419c-8dff-4b3bf0c33983","Wiped Out!","26e210b8-2b72-4d81-99c5-d78fd884ef35","Daddy Issues","81242aff-4b24-4e6a-98af-571ec1341cb9"
"1771210127","16 Feb 2026, 02:48","Cleffy","868d573e-8b19-4f75-b02b-85cbef271823","Clean Sheets, dirty walls","","Hide Behind My Disguise","3a87dfb1-55e5-4f2a-ad84-73fd08584df3"
"1771210009","16 Feb 2026, 02:46","HAARPER","b698adb4-9805-4766-be66-623415b580d7","iCARUS","","iCARUS",""
"1771209878","16 Feb 2026, 02:44","redzed","e0224068-455b-478c-b83b-b447ca924bbc","Ecstasy","8643abf5-804e-450b-8d90-369fd9ce1717","Deadboy98","0759db2a-0f88-4acf-a007-ce30faa3dfd8"
"1771209721","16 Feb 2026, 02:42","Vundabar","e9113fb7-350c-4975-9b16-af633f23cf66","Gawk","0439d242-4844-428c-bcc4-869a6653f639","Alien Blues","962f4c0c-2e62-45d5-8d64-1c31ff39eb47"
"1771199819","15 Feb 2026, 23:56","Bohnes","","206: Act II","3b4d9d68-a79b-48e1-91b0-3d348b1858f8","Raging on a Sunday","dde14c2a-27cc-4115-8a6a-7b5d3aded7f5"
"1771199652","15 Feb 2026, 23:54","CURTIS WATERS","9e614665-3bc0-4f82-a162-292b8bbc1d66","BAD SON","0e032d35-ecb8-4fb1-96b1-ff15aeb4a52f","MANIC MAN",""
"1771199533","15 Feb 2026, 23:52","Kxllswxtch","7d577034-18d3-4066-85c7-157d3bcce6b5","DISORDER","","NIGHTSTAND",""
"1771199287","15 Feb 2026, 23:48","Kardinal Offishall","03647192-f55b-42b2-9a74-db28fcae8fd1","Not 4 Sale","4cc3cfeb-0a4f-4f30-8377-e4fafc1b865b","Dangerous","930947c6-724e-46e4-aa50-d886ea76df2b"
"1771196814","15 Feb 2026, 23:06","Amy Winehouse","dfe9a7c4-8cf2-47f4-9dcb-d233c2b86ec3","Back to Black","0164ea1e-5587-4396-ac9d-8611f608b2da","Back to Black","8cb20f47-bda5-42c2-bc00-31ebd05928b0"
"1771196568","15 Feb 2026, 23:02","Kardinal Offishall","03647192-f55b-42b2-9a74-db28fcae8fd1","Not 4 Sale","4cc3cfeb-0a4f-4f30-8377-e4fafc1b865b","Dangerous","930947c6-724e-46e4-aa50-d886ea76df2b"
"1771195617","15 Feb 2026, 22:46","Gwen Stefani","2e41ae9c-afd2-4f20-8f1e-17281ce9b472","Love. Angel. Music. Baby. (Deluxe Version)","","Rich Girl",""
"1771195266","15 Feb 2026, 22:41","t.A.T.u.","7c20f558-d664-42bd-b6f1-81acf9dbb72d","200 KM/H In The Wrong Lane (10th Anniversary Edition)","","All the Things She Said","0b7bf2ef-1ad9-48ba-9e2b-a6ca7142d9d8"
"1771194832","15 Feb 2026, 22:33","Nelly Furtado","13655113-cd16-4b43-9dca-cadbbf26ee05","Loose","0651b228-5eea-454b-99d5-97b1768ca57c","Maneater",""
"1771194624","15 Feb 2026, 22:30","Rihanna","73e5e69d-3554-40d8-8516-00cb38737a1c","Good Girl Gone Bad","0d44e01a-0f8e-3733-81ea-52055a515e08","Shut Up and Drive","627693f3-776d-4646-9ade-2c8bc8e83316"
"1771194059","15 Feb 2026, 22:20","Mike Clark Jr","","Keep On Steppin: Big Stepper Edition","","Keep On Steppin (feat. Big Boogie)",""
"1771193817","15 Feb 2026, 22:16","Rihanna","73e5e69d-3554-40d8-8516-00cb38737a1c","Loud","188339dd-e99f-4096-8e92-b9423e5c698c","S&M",""
"1771193705","15 Feb 2026, 22:15","Rihanna","73e5e69d-3554-40d8-8516-00cb38737a1c","Good Girl Gone Bad: Reloaded","1de12505-ac7b-49ab-a0ab-2aa189f0bf99","Breakin' Dishes","08cafe0a-6706-343c-bd09-2db29851835f"
"1771193447","15 Feb 2026, 22:10","Breaking Benjamin","854a1807-025b-42a8-ba8c-2a39717f1d25","Dear Agony","6ff8a328-8c23-4e39-a41b-eb9b62d46059","Dear Agony","e518348f-e7fd-4f5f-947c-8cdb8c4eb26c"
"1771193186","15 Feb 2026, 22:06","Breaking Benjamin","854a1807-025b-42a8-ba8c-2a39717f1d25","Phobia (Explicit Version)","","Dance With The Devil","103d98af-ca96-488f-8c0f-27d448d55337"
"1771192913","15 Feb 2026, 22:01","Breaking Benjamin","854a1807-025b-42a8-ba8c-2a39717f1d25","We Are Not Alone","0718f4af-6297-4517-b3be-ce6cf81388c3","So Cold - Remix",""
"1771192661","15 Feb 2026, 21:57","Breaking Benjamin","854a1807-025b-42a8-ba8c-2a39717f1d25","Phobia (Clean Version)","","Breath","2046110e-0019-4277-a984-f814d8fc8967"
"1771192524","15 Feb 2026, 21:55","Benjamin Tod","c85360c9-7b7f-4cb2-a541-bff275020b9e","I Will Rise","5ccf4e64-293b-4fea-b8d7-045f14b55169","Using Again","8ec60fa6-8c9e-4d32-b6c5-01a73c139ba9"
"1771192068","15 Feb 2026, 21:47","PM_FOUR","","Night Mail (PM_FOUR)","","Night Mail (PM_FOUR)",""
"1771191898","15 Feb 2026, 21:44","Pet Symmetry","1d3efa22-086e-43c9-aef9-57dd26fb60b4","Two Songs About Cars. Two Songs With Long Titles.","06aa855b-226c-4e52-8b4e-8527995cbc8f","A Detailed & Poetic Physical Threat To The Person Who Intentionally Vandalized My 1994 Dodge Intrepid Behind Kate's Apartment","34d4fbb7-2fd5-4c8e-be7e-38992c88e394"
"1771191375","15 Feb 2026, 21:36","Elijah Scott","","Let You Go","","Let You Go",""
"1771191373","15 Feb 2026, 21:36","The Backseat Lovers","7b46472b-adda-4a9e-a6e7-824dedff9200","Out of Tune","","Out of Tune","f8f10b0e-55c1-436c-a564-5e2242adbb22"
"1771186424","15 Feb 2026, 20:13","The Backseat Lovers","7b46472b-adda-4a9e-a6e7-824dedff9200","Out of Tune","","Out of Tune","f8f10b0e-55c1-436c-a564-5e2242adbb22"
"1771186244","15 Feb 2026, 20:10","TV Girl","38f0c7ac-46eb-49ca-b3ab-c785ccd05a60","Who Really Cares","6ed25a3d-6d9e-4ff2-b164-180608b8569b","Not Allowed","e941033e-0a1d-4600-b063-b5a7f8158ff2"
"1771185926","15 Feb 2026, 20:05","Childish Gambino","7fb57fba-a6ef-44c2-abab-2fa3bdee607e","Camp","0e407fbd-58c1-45b3-adc5-a6ac5d945509","LES","bb5cb487-a780-38f0-b69b-14ed7a652cd0"
"1771181759","15 Feb 2026, 18:55","Tame Impala","63aa26c3-d59b-4da4-84ac-716b54f1ef4d","The Slow Rush","3a12923d-97cd-4e87-8cfd-fb67be970974","One More Hour","4a2be6ff-6ba2-4732-a71b-dd3a7af0c299"
"1771181553","15 Feb 2026, 18:52","Steve Lacy","b29020d6-5dbf-4c99-b16f-c009f8a712ff","C U Girl","c26b96eb-a3d8-47fd-925d-2b48f949001e","C U Girl","dedf7857-5aed-4540-9872-1865ed174f2e"
"1771181552","15 Feb 2026, 18:52","The Neighbourhood","97b8d224-5660-419c-8dff-4b3bf0c33983","Hard to Imagine the Neighbourhood Ever Changing","","Softcore","0e016d69-1afe-435a-b159-f528eea505c6"
"1771181424","15 Feb 2026, 18:50","Steve Lacy","b29020d6-5dbf-4c99-b16f-c009f8a712ff","C U Girl","c26b96eb-a3d8-47fd-925d-2b48f949001e","C U Girl","dedf7857-5aed-4540-9872-1865ed174f2e"
"1771181205","15 Feb 2026, 18:46","Beach Weather","","Chit Chat","05bb78f6-81ea-481b-b45b-76c67e7a178b","Sex, Drugs, Etc.","16195dbc-5de2-4669-82d0-a908b6e1be36"
"1771180951","15 Feb 2026, 18:42","Arctic Monkeys","ada7a83c-e3e1-40f1-93f9-3e73dbc9298a","Favourite Worst Nightmare (Standard Version)","","505","1025dd60-a781-4f30-8b12-2ab8bdef509c"
"1771180777","15 Feb 2026, 18:39","Steve Lacy","b29020d6-5dbf-4c99-b16f-c009f8a712ff","Dark Red","","Dark Red","7f586f5c-2c50-4f93-947e-99c8474f6955"
"1771180458","15 Feb 2026, 18:34","Tame Impala","63aa26c3-d59b-4da4-84ac-716b54f1ef4d","Currents","031ecbde-35e1-4d3a-917f-f89f31aca1c9","Eventually","001f2770-4a3f-4baf-8cbd-132b54a87568"
"1771180304","15 Feb 2026, 18:31","The Neighbourhood","97b8d224-5660-419c-8dff-4b3bf0c33983","Hard to Imagine the Neighbourhood Ever Changing","","You Get Me So High","2eddea62-9370-47b7-9a1f-e6babb1427fd"
"1771180207","15 Feb 2026, 18:30","Dominic Fike","e337c918-098f-418e-97a2-81dc224b1bf9","Don't Forget About Me, Demos","","Babydoll","c6fa2cd4-a100-4db8-8206-3cbcdd3aabe0"
"1771131214","15 Feb 2026, 04:53","Pinegrove","871fe26f-544d-4275-a5dd-af5442d15b92","Everything So Far","5f26f199-53d4-481f-9285-c5a447486938","Angelina","135523a2-3ee0-4c84-a4d6-d0f8810d46ec"
"1771131055","15 Feb 2026, 04:50","Slaughter Beach, Dog","9969f247-ce03-4b25-927f-c00c51ecedbe","Motorcycle.jpg","a8f0fade-f62b-46c8-a2f6-c0801b989838","104 degrees","053ad97b-8a45-48b7-83d6-17c5c0149dbf"
"1771130748","15 Feb 2026, 04:45","The Backseat Lovers","7b46472b-adda-4a9e-a6e7-824dedff9200","Out of Tune","","Out of Tune","f8f10b0e-55c1-436c-a564-5e2242adbb22"
"1771130539","15 Feb 2026, 04:42","Movements","051f5167-0c74-4339-87b5-5e84f5a7469d","Feel Something","500fbf64-eb19-412c-b0e2-888fd865aef8","Daylily","4391c5d1-ccdd-431f-9808-a2eab42824d9"
"1771130370","15 Feb 2026, 04:39","Pet Symmetry","1d3efa22-086e-43c9-aef9-57dd26fb60b4","Two Songs About Cars. Two Songs With Long Titles.","06aa855b-226c-4e52-8b4e-8527995cbc8f","A Detailed & Poetic Physical Threat To The Person Who Intentionally Vandalized My 1994 Dodge Intrepid Behind Kate's Apartment","34d4fbb7-2fd5-4c8e-be7e-38992c88e394"
"1771130185","15 Feb 2026, 04:36","The Front Bottoms","622b6000-ff0d-4ab3-9e98-c4916f3692c3","Talon of the Hawk","259c03a0-b66c-4046-9d87-fb6b3f99d168","Peach","01b86273-9b23-42ca-abf4-6f21a05bab64"
"1771129953","15 Feb 2026, 04:32","Mom Jeans.","65e60a4a-4e52-48b3-ade4-bdfed2c94b3e","Best Buds","9003ed77-853e-4086-bfd7-c5e2a89bfdd8","Edward 40hands","59f3d9e8-88cd-4697-b776-c0a2d79a05d1"
"1771129772","15 Feb 2026, 04:29","saturdays at your place","0b59cc1b-60e6-4331-9638-a9e78abe7b78","always cloudy","7db3f65a-9166-4f9a-8b5d-7192e9e98c65","tarot cards",""
"1771129560","15 Feb 2026, 04:26","hey, nothing","63094905-b963-46ca-8429-090e1afd6752","We're Starting to Look Like Each Other","a23a177e-a93a-42b9-9a2f-9a88f3dbdd30","too drunk to drive","5c4fcaf4-cfaa-434c-a526-a3ff660f8023"
"1771129337","15 Feb 2026, 04:22","Modern Baseball","e3513b4f-2a13-45f5-8ead-e79b1af0bf68","You're Gonna Miss It All","c3c71198-ebc5-44b3-b076-88fb8dd4bc0f","Fine, Great","38f7048c-07a6-4db7-8a28-28d75c290071"
"1771129210","15 Feb 2026, 04:20","Free Throw","1ca441fa-7cea-4f29-939b-06d8741f74c7","Those Days Are Gone","a8b42b02-a7cb-4cea-84ba-5218693a4a47","Two Beers In","5bfdb004-30d4-4402-82be-67e93cb52397"
"1771129074","15 Feb 2026, 04:17","PM_FOUR","","Night Mail (PM_FOUR)","","Night Mail (PM_FOUR)",""
"1771129003","15 Feb 2026, 04:16","PM_FOUR","","Night Mail (PM_FOUR)","","Night Mail (PM_FOUR)",""
"1771128500","15 Feb 2026, 04:08","Rihanna","73e5e69d-3554-40d8-8516-00cb38737a1c","Good Girl Gone Bad: Reloaded","1de12505-ac7b-49ab-a0ab-2aa189f0bf99","Umbrella",""
"1771128345","15 Feb 2026, 04:05","Jéja","","Bad Habit","","Bad Habit",""
"1771128216","15 Feb 2026, 04:03","Spalexma","","We Are Charlie Kirk","ba7cf929-9543-4126-8c5b-e56dc7ee02cc","We Are Charlie Kirk",""
"1771127648","15 Feb 2026, 03:54","Bring Me the Horizon","074e3847-f67f-49f9-81f1-8c8cea147e8e","That's the Spirit","3e8f35ea-5621-4929-af02-1a1415d8a94a","Doomed","003bd65f-76e8-4725-9a32-e4ec2aeb9125"
"1771127500","15 Feb 2026, 03:51","Jéja","","Bad Habit","","Bad Habit",""
"1771127192","15 Feb 2026, 03:46","Black Eyed Peas","d5be5333-4171-427e-8e12-732087c6b78e","The Beginning (Deluxe)","","The Time (Dirty Bit)",""
"1771127000","15 Feb 2026, 03:43","Britney Spears","45a663b5-b1cb-4a91-bff6-2bef7bbfdd76","Circus (Deluxe Version)","","Circus","2b9241b3-a7c4-4866-a15d-17344cf44541"
"1771126757","15 Feb 2026, 03:39","Justin Timberlake","596ffa74-3d08-44ef-b113-765d43d12738","FutureSex/LoveSounds","075b62e8-ed2b-3330-91dc-46f4e9799ec7","SexyBack (feat. Timbaland)",""
"1771126466","15 Feb 2026, 03:34","Black Eyed Peas","d5be5333-4171-427e-8e12-732087c6b78e","Monkey Business","085d389f-b76d-456e-be7d-86b4091fd29d","My Humps",""
"1771126206","15 Feb 2026, 03:30","Natasha Bedingfield","8b477559-946e-4ef2-9fe1-446cff8fdd79","Unwritten","049cfc1e-c5ef-40d1-9d1b-5d02fe22205c","Unwritten",""
"1771125969","15 Feb 2026, 03:26","Vanessa Carlton","c1a61bb0-e4fe-4064-bc8d-954a2dafda79","Be Not Nobody","20cb54d1-3c6b-3a78-8597-c846d1b3ed50","A Thousand Miles",""
"1771125767","15 Feb 2026, 03:22","Miley Cyrus","7e9bd05a-117f-4cce-87bc-e011527a8b18","The Time of Our Lives","01f44df7-5d23-4139-b794-46f08a565078","Party in the U.S.A.",""
"1771125532","15 Feb 2026, 03:18","Katy Perry","122d63fc-8671-43e4-9752-34e846d62a9c","Teenage Dream","2356f510-d5ae-4cac-aa15-3d2db95b684c","California Gurls",""
"1771125396","15 Feb 2026, 03:16","Carly Rae Jepsen","09887aa7-226e-4ecc-9a0c-02d2ae5777e1","Kiss (Deluxe)","","Call Me Maybe",""
"1771125166","15 Feb 2026, 03:12","Katy Perry","122d63fc-8671-43e4-9752-34e846d62a9c","Teenage Dream","2356f510-d5ae-4cac-aa15-3d2db95b684c","Last Friday Night (T.G.I.F.)",""
"1771124926","15 Feb 2026, 03:08","John Newman","589ef702-7f3a-4a1c-8f2c-4727005cfc0e","Tribute","0296ac7b-2c53-429c-9d0a-fa9de1253fd9","Love Me Again",""
"1771124587","15 Feb 2026, 03:03","Avicii","c85cfd6b-b1e9-4a50-bd55-eb725f04f7d5","Levels","348eeb25-382c-4468-9118-ecf9f175d9c6","Levels - Original Version","26d2f8cd-da86-4152-b34b-4e09d56431d0"
"1771124183","15 Feb 2026, 02:56","Swedish House Mafia","99075985-0d80-4692-a15e-b16f78831792","Until Now","3635ce51-ff95-4656-a8d0-3931a09573aa","Don't You Worry Child",""
"1771123948","15 Feb 2026, 02:52","Rihanna","73e5e69d-3554-40d8-8516-00cb38737a1c","Loud","188339dd-e99f-4096-8e92-b9423e5c698c","Only Girl (In the World)",""
"1771123801","15 Feb 2026, 02:50","M83","6d7b7cd4-254b-4c25-83f6-dd20f98ceacd","Hurry Up, We're Dreaming","0b87ebcf-216b-4255-9c19-93c12861f173","Midnight City","9a952210-caf6-407d-8748-b89fcaca3bb7"
"1771123604","15 Feb 2026, 02:46","Rihanna","73e5e69d-3554-40d8-8516-00cb38737a1c","Good Girl Gone Bad: Reloaded","1de12505-ac7b-49ab-a0ab-2aa189f0bf99","Disturbia",""
"1771123458","15 Feb 2026, 02:44","Shakira","bf24ca37-25f4-4e34-9aec-460b94364cfc","She Wolf (Expanded Edition)","d1be997c-6354-4126-b528-1370da4496ab","She Wolf",""
"1771123199","15 Feb 2026, 02:39","Nelly Furtado","13655113-cd16-4b43-9dca-cadbbf26ee05","Loose","0651b228-5eea-454b-99d5-97b1768ca57c","Maneater",""
"1771123062","15 Feb 2026, 02:37","Gwen Stefani","2e41ae9c-afd2-4f20-8f1e-17281ce9b472","The Sweet Escape","039dfe39-3f5a-4c45-8b22-208116466809","The Sweet Escape",""
"1771122796","15 Feb 2026, 02:33","Rihanna","73e5e69d-3554-40d8-8516-00cb38737a1c","Good Girl Gone Bad: Reloaded","1de12505-ac7b-49ab-a0ab-2aa189f0bf99","Don't Stop the Music",""
"1771122689","15 Feb 2026, 02:31","LUCØ","","Falling Back","","Falling Back",""
"1771122523","15 Feb 2026, 02:28","Mason","","House Top 1000 (Mini Mix 001)","","Perfect (Exceeder) [Mix Cut] - Vocal Club Mix",""
"1771122514","15 Feb 2026, 02:28","Jéja","","Bad Habit","","Bad Habit",""
"1771095824","14 Feb 2026, 19:03","Tyler Nance","","Shovel","","Shovel",""
"1771094586","14 Feb 2026, 18:43","Noah Kahan","a2a3f910-b188-43e7-81d0-f1ac2a2f3e12","The Great Divide","","The Great Divide",""
"1771094401","14 Feb 2026, 18:40","Zach Bryan","51e90731-08c0-4f60-89b6-5b78e5844de8","With Heaven On Top","5d1ba863-a4ca-4286-889c-d92afe1b41ec","Appetite","14c05257-2bee-41e8-bed9-3828717b7ffd"
"1771094266","14 Feb 2026, 18:37","Connor Price","","ICONIC","3256c93c-1b28-4db5-b973-b2683861fd1e","Too Easy","0d11b51f-6910-4842-a7e0-5725b3bb6786"
"1771094045","14 Feb 2026, 18:34","Three Days Grace","fabb37f8-eb2a-4cc1-a72a-b56935bbb72d","One-X","","Gone Forever","257bf705-0531-458e-8845-a00606dfc6b9"
"1771093825","14 Feb 2026, 18:30","Cage the Elephant","b41b38d4-ef3e-4f37-8c75-cfe9af999696","Social Cues","05f8bc81-45ee-4b7e-ac37-fccd3eea0e04","Social Cues","07241bff-ce03-4284-88e8-f148d84ac037"
"1771093662","14 Feb 2026, 18:27","Benjamin Tod","c85360c9-7b7f-4cb2-a541-bff275020b9e","I Will Rise","5ccf4e64-293b-4fea-b8d7-045f14b55169","Using Again","8ec60fa6-8c9e-4d32-b6c5-01a73c139ba9"
"1771093498","14 Feb 2026, 18:24","Niko Sitaras","","Weed","","Weed",""
"1771088571","14 Feb 2026, 17:02","Dylan Gossett","c3012f96-f4eb-418a-8a02-3febccf95091","No Better Time","41d4fe2c-196c-4ae0-83f2-2b77e64cc779","Beneath Oak Trees","3d116b03-1621-4a44-87be-2e24d174cd95"
"1771088445","14 Feb 2026, 17:00","Sturgill Simpson","f6e61750-a6b7-4d88-979b-052345cd0e4a","High Top Mountain","2cc1d9cc-cbed-48ef-93e8-7543f4a24b81","Life Ain't Fair and the World Is Mean","09524aac-0871-44f6-a21d-bb1331f104ed"
"1771088319","14 Feb 2026, 16:58","Zach Bryan","51e90731-08c0-4f60-89b6-5b78e5844de8","Quiet, Heavy Dreams","da8eeb79-41b3-4a0c-a2a7-0353e8c64a13","Birmingham","b72a1283-5154-4980-a7b0-50761df40880"
"1771088143","14 Feb 2026, 16:55","Colter Wall","cf07ed57-2ec4-45dd-97ec-7c3eff721315","Imaginary Appalachia","19726f2c-2ac7-4384-9f5d-6e8ce20b717f","Johnny Boy's Bones (feat. The Dead South)",""
"1771087897","14 Feb 2026, 16:51","Charles Wesley Godwin","082e1531-e8ff-43ef-8f1c-7c6600b0c00d","Family Ties","9aaf4ce1-d2af-4318-9718-15fbb56654d6","All Again","f5427a83-5807-4779-8081-d05f07555caf"
"1771087609","14 Feb 2026, 16:46","Colter Wall","cf07ed57-2ec4-45dd-97ec-7c3eff721315","Colter Wall","631dbacd-676a-417f-9ae3-3a25bd322dd5","Motorcycle","fe12b99d-374c-4853-9865-a64a7e58bbe9"
"1771087284","14 Feb 2026, 16:41","Josh Meloy","5e4b7cb3-aac7-4597-8853-ee1032d8bc79","You Here Tonight","","You Here Tonight",""
"1771087007","14 Feb 2026, 16:36","Sturgill Simpson","f6e61750-a6b7-4d88-979b-052345cd0e4a","The Ballad of Dood & Juanita","63d1e51e-bb9e-4999-af3b-0ff8f589f058","Sam","6e0cf607-fbce-453c-9592-240330f5da5b"
"1771086748","14 Feb 2026, 16:32","Dylan Gossett","c3012f96-f4eb-418a-8a02-3febccf95091","Westward","4311e5c6-aa6d-427e-8920-ff3bd3b7c764","Coal",""
"1771078497","14 Feb 2026, 14:14","Niko Sitaras","","Weed","","Weed",""
"1771078496","14 Feb 2026, 14:14","Evan Honer","","Jersey Giant","","Jersey Giant",""
"1771078341","14 Feb 2026, 14:12","Niko Sitaras","","Weed","","Weed",""
"1771078166","14 Feb 2026, 14:09","Tyler Childers","9947e874-ddd0-4e1a-b0d4-a76f6532fe45","Live on Red Barn Radio I & II","","Shake the Frost (Live)",""
"1771077887","14 Feb 2026, 14:04","Pecos & the Rooftops","54b96795-84a0-4f72-b47c-d68958ae068a","Pecos & the Rooftops","43828b5a-8f17-47cb-bd5d-accb0527226c","This Damn Song","7d1e9094-613d-48ac-af18-b7b79818836c"
"1771077623","14 Feb 2026, 14:00","Benjamin Tod","c85360c9-7b7f-4cb2-a541-bff275020b9e","I Will Rise","5ccf4e64-293b-4fea-b8d7-045f14b55169","Using Again","8ec60fa6-8c9e-4d32-b6c5-01a73c139ba9"
"1771077316","14 Feb 2026, 13:55","Whiskey Myers","921e6603-320c-4dde-8611-3049332d2b61","Firewater","c47192c4-d1ed-4910-8f3c-794aee489bc3","Broken Window Serenade","437a15f1-c256-3d42-b6fa-1afe0138f189"
"1771077143","14 Feb 2026, 13:52","Zach Bryan","51e90731-08c0-4f60-89b6-5b78e5844de8","Heading South","ea2f610e-1da1-4d70-834e-3c8e06ff9e9f","Heading South","39da415b-b7d7-49de-88e3-b6b8de332c8f"
"1771076801","14 Feb 2026, 13:46","Evan Honer","","Fighting For","","idk shit about cars",""
"1771076799","14 Feb 2026, 13:46","Rainbow Kitten Surprise","ab4e7869-86f5-455e-b52c-c89d7664c07b","Seven + Mary","4edc01ff-013d-43ff-81d5-c6eb7313fd25","First Class","44f254ea-de3d-474c-a4bb-1f6f9f2dacd0"
"1771076640","14 Feb 2026, 13:44","Evan Honer","","Fighting For","","idk shit about cars",""
"1771076371","14 Feb 2026, 13:39","The Ghost of Paul Revere","","Believe","","This Is the End",""
"1771076166","14 Feb 2026, 13:36","Tyler Childers","","Tyler Childers | OurVinyl Sessions","","Nose on the Grindstone (OurVinyl Sessions)",""
"1771075520","14 Feb 2026, 13:25","Colby Acuff","fbed2353-569e-479e-955c-32711b1219af","If I Were the Devil","f84ed3af-c310-445e-b13d-2a974be079a8","If I Were the Devil","b8d75647-a442-49d2-b32e-9e7b2fa9bb58"
"1771075285","14 Feb 2026, 13:21","Colter Wall","cf07ed57-2ec4-45dd-97ec-7c3eff721315","Imaginary Appalachia","19726f2c-2ac7-4384-9f5d-6e8ce20b717f","The Devil Wears a Suit and Tie","4e45e3f6-3092-4c96-8c42-4a681b32bfe2"
"1771002353","13 Feb 2026, 17:05","Charley Crockett","cf391be8-a609-4fcf-8de1-0eff6b639ae5","Welcome to Hard Times","99c80852-f235-458f-a118-d1f7771980cc","Paint It Blue","85c59cfc-f016-4eac-9011-86c56cd71122"
"1771002145","13 Feb 2026, 17:02","Pony Bradshaw","","Sudden Opera","b4d9c059-d19e-42e6-80b3-79bfaf25262e","Van Gogh","4fe02353-0ddc-40f5-92da-aa89b04a8213"
"1771001935","13 Feb 2026, 16:58","The SteelDrivers","d2ccb26b-b3ef-4e12-a336-f07c1bfa00ef","The SteelDrivers","9670a241-6094-47d5-b6f4-f75610c0b0f2","Blue Side of the Mountain","4ab35821-5757-476a-9ece-7fb33b2b098f"
"1771001755","13 Feb 2026, 16:55","49 Winchester","3ddb5fd0-3831-4ca6-931e-336ac03173a7","Fortune Favors the Bold","2d0cc3eb-0ac6-48b8-b89b-4e3afedaf47e","Annabel",""
"1770988463","13 Feb 2026, 13:14","Ella Langley","b16c0872-31a7-4db9-8569-0e3146fcecfc","still hungover","fa806d46-1fa6-4dea-a0e9-90612b03d517","weren't for the wind","5d32a5b5-624e-4161-aee6-04a24fb8f202"
"1770988168","13 Feb 2026, 13:09","Josh Meloy","5e4b7cb3-aac7-4597-8853-ee1032d8bc79","Porch Light","","Porch Light",""
"1770987982","13 Feb 2026, 13:06","Oliver Anthony Music","","Scornful Woman","","Scornful Woman",""
"1770987807","13 Feb 2026, 13:03","Hayden Blount","28e6316a-6a1a-4bf3-b699-e2864dbff47c","Up, Out, and Leaving","","Heaven On Earth",""
"1770987429","13 Feb 2026, 12:57","Vincent Mason","483ccf02-0faf-458e-88fc-e39e03cb9875","There I Go","","Damned If I Do",""
"1770987171","13 Feb 2026, 12:52","Kashus Culpepper","f61b6c08-6e76-4b9a-b8c6-8235ca79a799","Act I","","Out Of My Mind",""
"1770986815","13 Feb 2026, 12:46","Gavin Adcock","4a75faf4-995d-42dd-88b6-e5ff2d61e791","Actin’ Up Again","","Run Your Mouth",""
"1770986654","13 Feb 2026, 12:44","Cole Barnhill","","Daydreams (feat. Treaty Oak Revival)","","Daydreams (feat. Treaty Oak Revival)",""
"1770986415","13 Feb 2026, 12:40","Treaty Oak Revival","3ed833d2-c293-4fd7-9786-f5e8c19268e1","No Vacancy","9926a1f8-ebff-4c08-a193-7100689b37eb","No Vacancy","2a9072ca-9130-4b45-a975-4be788eb3026"
"1770985859","13 Feb 2026, 12:30","The Red Clay Strays","01930336-bcd2-42f8-8274-7ee6a75bcd0c","People Hatin'","94c94d39-8320-498c-9e3e-3e06931e4cab","People Hatin'","37ce462f-04ad-4050-9d31-4b638004f8e2"
"1770985603","13 Feb 2026, 12:26","Black Eyed Peas","d5be5333-4171-427e-8e12-732087c6b78e","The Beginning (Deluxe)","","The Time (Dirty Bit)",""
"1770952244","13 Feb 2026, 03:10","ALEXSUCKS","5a376cb7-0489-4934-ae5b-35dcff2b4ea7","Hate Me If You Want","943f6643-f507-4243-9be2-afe620c9dbaa","Hate Me If You Want",""
"1770947616","13 Feb 2026, 01:53","The Moss","b4a42ab5-46fc-4b2c-a8f8-7a486657fc7e","Insomnia","","Insomnia",""
"1770947421","13 Feb 2026, 01:50","The Band Solstice","","Crashout","","Crashout",""
"1770947144","13 Feb 2026, 01:45","Flycatcher","439bc872-e429-4f4a-a2db-00da2d219423","Games","","Games",""
"1770946959","13 Feb 2026, 01:42","Wallows","9fae44ec-b95c-4b0f-a0a6-f0008613eabf","Nothing Happens","0fb82677-d54d-45b2-ab74-0b5daf5d5f2a","Remember When","26383044-b575-4a87-ae25-b0d6af7f3edd"
"1770946823","13 Feb 2026, 01:40","Under High Street","","Under High Street","","Strawberry Blonde",""
"1770935282","12 Feb 2026, 22:28","The Backseat Lovers","7b46472b-adda-4a9e-a6e7-824dedff9200","When We Were Friends","553f2332-f27d-4627-9e7c-03ec74b79c0d","Maple Syrup","61f0d463-bcb2-4ff4-99d0-e8e5e620b164"
"1770935009","12 Feb 2026, 22:23","Interpol","","Antics","1c6008bb-278e-4f60-b2db-a61ac00c682a","Evil","0034fc30-0f49-4bd6-b3ca-23c0201a3441"
"1770934503","12 Feb 2026, 22:15","Novo Amor","61a57a2a-4c7f-4b41-8109-1070a9c32242","Heiress","962880ce-b929-4f65-a6e8-f4b05e0f5fb3","Ontario",""
"1770929464","12 Feb 2026, 20:51","Matt Maeson","e7bbb0c4-d3cf-4523-b5e1-a01d69d5bc83","Downstairs","","Downstairs",""
"1770929246","12 Feb 2026, 20:47","ThxSoMch","7e576af7-21e0-4926-bada-135d16a3e5ad","Hate.","","Hate.",""
"1770928676","12 Feb 2026, 20:37","AFI","","Decemberunderground","1f315994-b360-46c8-9241-303c49ff4741","Miss Murder","320ab068-f72c-4b6b-9bff-c6efc34657d4"
"1770927378","12 Feb 2026, 20:16","Three Days Grace","fabb37f8-eb2a-4cc1-a72a-b56935bbb72d","Life Starts Now","9159f6b6-7c21-49c7-b0a9-cd15c692a0c9","World So Cold","08b29a2e-f809-3b8f-a8ae-0370588b6938"
"1770927056","12 Feb 2026, 20:10","10 Years","b18bc9c4-6f22-4f1b-a918-e9c86a39fe7a","Feeding The Wolves (Deluxe Version)","","Fix Me","4fa6b96a-a380-427f-a737-51b830b991d7"
"1770926840","12 Feb 2026, 20:07","Shinedown","adc0f033-95c2-4e0b-87bc-c23ed3f26ce6","Threat to Survival","9280bad1-c358-4c11-a82a-95182ff6b4bf","Cut The Cord","08863482-4874-43ea-b5e5-b970f295167e"
"1770926615","12 Feb 2026, 20:03","Seether","fbcd7b29-455f-49e6-9c4f-8249d20a055e","Finding Beauty In Negative Spaces (Bonus Track Version)","","Breakdown","ee0ed010-19ac-48a4-95d7-8a078044ed8a"
"1770926281","12 Feb 2026, 19:58","Three Days Grace","fabb37f8-eb2a-4cc1-a72a-b56935bbb72d","Transit of Venus","7a18b0d9-baf9-497f-8c9c-ef26712952e2","Chalk Outline","5bb02ebc-20aa-3167-8646-957485e5b01c"
"1770925966","12 Feb 2026, 19:52","will.i.am","d574c9bd-46f6-440a-8d6a-8412a283eeb1","#willpower","169335ba-d01d-4390-b42d-9fb9eabc24de","Scream & Shout","00e781e0-636a-40ba-a25a-9d3e4c2d2a45"
"1770925682","12 Feb 2026, 19:48","Mason","","House Top 1000 (Mini Mix 001)","","Perfect (Exceeder) [Mix Cut] - Vocal Club Mix",""
"1770925582","12 Feb 2026, 19:46","Mike Clark Jr","","Keep On Steppin: Big Stepper Edition","","Keep On Steppin (feat. Big Boogie)",""
"1770925410","12 Feb 2026, 19:43","Connor Price","","ICONIC","3256c93c-1b28-4db5-b973-b2683861fd1e","Too Easy","0d11b51f-6910-4842-a7e0-5725b3bb6786"
"1770925222","12 Feb 2026, 19:40","The Vines","","Wicked Nature","2446b20a-434a-4b82-a64d-4d64f6b97bf1","Metal Zone","8b225817-5c51-41f5-92df-97350380c3a9"
"1770924732","12 Feb 2026, 19:32","The White Stripes","11ae9fbb-f3d7-4a47-936f-4c0a04d3b3b5","White Blood Cells","16e8b280-eeb3-4d81-b298-dcc92abc670f","Dead Leaves and the Dirty Ground","8b704e5e-d3ea-4607-9194-58cec330be05"
"1770924549","12 Feb 2026, 19:29","Interpol","","Antics","1c6008bb-278e-4f60-b2db-a61ac00c682a","Evil","0034fc30-0f49-4bd6-b3ca-23c0201a3441"
"1770924333","12 Feb 2026, 19:25","Queens of the Stone Age","","...Like Clockwork","3d07181c-afe8-4f36-8526-bbee50b98a36","The Vampyre of Time and Memory","1b40e85e-ec65-47ba-817b-2f02aff6444c"
"1770924118","12 Feb 2026, 19:21","Red Hot Chili Peppers","8bfac288-ccc5-448d-9573-c33ea2aa5c30","I'm With You","1913928d-2516-4a0a-8095-9f9e5747fe58","The Adventures of Rain Dance Maggie","1b781268-7dc2-418d-ab54-aad4fa2aa8a8"
"1770923518","12 Feb 2026, 19:11","Highly Suspect","afd55c72-d123-4237-9818-fa3ce634b3dd","The Boy Who Died Wolf","00eccde4-c934-47de-8441-7404d2b062d7","Serotonia","100272d3-dba7-47ca-a10a-6c9eb9137a1c"
"1770923020","12 Feb 2026, 19:03","Queens of the Stone Age","","Songs for the Deaf","2622f72c-73ae-4a8c-b533-c1d995d260e8","Go With the Flow","9189cd43-6dc4-4711-a286-ebd76989e02a"
"1770922691","12 Feb 2026, 18:58","Buffalo Traffic Jam","","I Don't Care","","I Don't Care",""
"1770922462","12 Feb 2026, 18:54","Mason","","House Top 1000 (Mini Mix 001)","","Perfect (Exceeder) [Mix Cut] - Vocal Club Mix",""
"1770921629","12 Feb 2026, 18:40","Tyler Nance","","Shovel","","Shovel",""
"1770921438","12 Feb 2026, 18:37","Noah Kahan","a2a3f910-b188-43e7-81d0-f1ac2a2f3e12","The Great Divide","","The Great Divide",""
"1770921120","12 Feb 2026, 18:32","Zach Bryan","51e90731-08c0-4f60-89b6-5b78e5844de8","With Heaven On Top","5d1ba863-a4ca-4286-889c-d92afe1b41ec","Appetite","14c05257-2bee-41e8-bed9-3828717b7ffd"
"1770920941","12 Feb 2026, 18:29","Connor Price","","ICONIC","3256c93c-1b28-4db5-b973-b2683861fd1e","Too Easy","0d11b51f-6910-4842-a7e0-5725b3bb6786"
"1770920801","12 Feb 2026, 18:26","Three Days Grace","fabb37f8-eb2a-4cc1-a72a-b56935bbb72d","One-X","","Gone Forever","257bf705-0531-458e-8845-a00606dfc6b9"
"1770920519","12 Feb 2026, 18:21","Three Days Grace","fabb37f8-eb2a-4cc1-a72a-b56935bbb72d","One-X","","Time of Dying","06efb82d-9af4-3617-b5a1-bfb17ef29a14"
"1770920331","12 Feb 2026, 18:18","Breaking Benjamin","854a1807-025b-42a8-ba8c-2a39717f1d25","Phobia (Explicit Version)","","Dance With The Devil","103d98af-ca96-488f-8c0f-27d448d55337"
"1770920103","12 Feb 2026, 18:15","The Plot in You","c2e7d4ac-5e30-4b55-99b7-e49d99fd7c63","Vol. 1","","Forgotten","6e83000c-9182-455c-8951-1f596c46b3b8"
